id,sku
15465,APP-CYL-CAP-BLK
15466,W-TU-BEAR
15467,W-TW-BEAR
15468,INGREDIENTS
15469,I-VAN-10#-INACTIVE
15470,L90D-INACTIVE
15471,I-ALM-50#-INACTIVE
15472,RW2160088-INACTIVE
15473,I-ASKINOSIE-MOR-INACTIVE
15474,272230-INACTIVE
15475,I-CHAI-NOSUGAR-INACTIVE
15476,23450-INACTIVE
15477,3109-INACTIVE
15478,CRYSTALS-INACTIVE
15479,990042-INACTIVE
15480,RW5100178-INACTIVE
15481,I-ESP-TIGER-5LB-INACTIVE
15482,20144-INACTIVE
15483,250220-INACTIVE
15484,017463-20-US-INACTIVE
15485,RST DCD 25LB-INACTIVE
15486,6150-INACTIVE
15487,OHDHON(5gal)-INACTIVE
15488,KOSH##-INACTIVE
15489,92040-INACTIVE
15490,I-NIBS-INACTIVE
15491,181237-INACTIVE
15492,35009-INACTIVE
15493,QUINOAFLK25#B-O-INACTIVE
15494,272250-INACTIVE
15495,2191-INACTIVE
15496,PUMPKINSEED-INACTIVE
15497,5171786-INACTIVE
15498,NSSU155-INACTIVE
15499,35152-INACTIVE
15500,SORGHUM-INACTIVE
15501,TAZACAFE-INACTIVE
15502,TAZAPURO-INACTIVE
15503,BW416P804
15504,OTHER PRODUCTS/SERVICES-INACTIVE
15505,S-13166-INACTIVE
15506,AP-12PK-BOX
15507,44W64L-INACTIVE
15508,44W64W-INACTIVE
15509,PL09W-INACTIVE
15510,P009-INACTIVE
15511,PL58W-INACTIVE
15512,5GALPAIL-INACTIVE
15513,BULK-Label-Sequential Number-INACTIVE
15514,203495A
15515,1012-300-001-100
15516,L-FRENCH-BAR-INACTIVE
15517,L-FRENCH-JAR-INACTIVE
15518,JAR-4OZ-INACTIVE
15519,G10-70-450BIGSPOON01-28-INACTIVE
15520,WT142989CF-INACTIVE
15521,WT142983CF
15522,C70G-450GGMLP-5-INACTIVE
15523,WT139740CF-INACTIVE
15524,WT119593CF-INACTIVE
15525,WT119600CF-INACTIVE
15526,WT119596CF-INACTIVE
15527,WT119606CF-INACTIVE
15528,WT145501CF-INACTIVE
15529,L-PCASH-10OZ-INACTIVE
15530,WT119604CF-INACTIVE
15531,WT119601CF-INACTIVE
15532,WT119605CF-INACTIVE
15533,WT147099CF-INACTIVE
15534,SIGN-BIGPRAISE
15535,WHOLESALE-INACTIVE
15536,B-ACO-4LB-INACTIVE
15538,B-ACT-4LB-INACTIVE
15539,B-ACT-8LB-INACTIVE
15540,B-AGIN-4LB-INACTIVE
15541,B-AGIN-8LB-INACTIVE
15542,B-ALM-4LB-INACTIVE
15543,B-ALM-8LB-INACTIVE
15544,B-ALM-WFM-1GAL-INACTIVE
15545,B-CHAI-4LB-INACTIVE
15546,B-CHAI-8LB-INACTIVE
15547,B-ESP-4LB-INACTIVE
15548,B-ESP-8LB-INACTIVE
15549,B-HOTP-4LB-INACTIVE
15550,B-HOTP-8LB-INACTIVE
15551,B-MPC-4LB-INACTIVE
15552,B-MPC-8LB-INACTIVE
15553,B-PA-4LB
15554,B-PA-8LB
15555,B-PCASH-4LB
15556,B-PCASH-8LB
15557,B-PCO-4LB
15558,B-PCO-8LB
15559,B-PNUT-4LB-INACTIVE
15560,B-PNUT-8LB-INACTIVE
15561,B-PEANUTS-ONLY
15562,B-PPEC-4LB-INACTIVE
15563,B-PPEC-8LB-INACTIVE
15564,W-ACO-10OZ-INACTIVE
15565,W-ACT-10OZ-INACTIVE
15566,W-AGIN-10OZ-INACTIVE
15567,W-ALM-10OZ-INACTIVE
15568,W-CHAI-10OZ-INACTIVE
15569,W-ESP-10OZ-INACTIVE
15570,W-HOTP-10OZ-INACTIVE
15571,W-JCB-2PACK
15572,W-JCB-HZL
15573,W-JCB-PNT
15574,W-MPC-10OZ-INACTIVE
15575,W-70-AP
15576,W-70-CP
15577,W-PA-10OZ-INACTIVE
15578,W-PCASH-10OZ-INACTIVE
15579,W-PCO-10OZ-INACTIVE
15580,W-PNUT-10OZ-INACTIVE
15581,W-PNUT-3OZ-INACTIVE
15582,W-PPEC-10OZ-INACTIVE
15583,BATCH
15584,BATCH-TWALK
15608,BATCH-AGIN-INACTIVE
15609,BATCH-CHAI
15610,BATCH-MPC
15611,BATCH-MISSION-ALM-INACTIVE
15612,BATCH-PNUT
15613,BATCH-PALM
15614,BATCH-PCASH-INACTIVE
15615,BATCH-PPEC
15616,BATCH-PCO-INACTIVE
15617,BATCH-JCB-PNUT-INACTIVE
15618,BATCH-JCB-HZL-INACTIVE
15991,WT119602CF-INACTIVE
16390,BATCH-70-AP-INACTIVE
16391,BATCH-70-CP-INACTIVE
16392,LABEL-ACO-10OZ-INACTIVE
16393,LABEL-3OZ-LID-INACTIVE
16394,LABEL-3OZ-PNUT-INACTIVE
16395,BATCH-GRANOLA
16396,BOX-2PK-JCB-INACTIVE
16574,MKT
16575,MKT-SIGN-BUTTERS
16577,SHELF DISPLAYS - Foam
18085,BATCH-JUST-PNUT
18250,PURIS870H-INACTIVE
18919,W-DISTCASE-AP-INACTIVE
18920,#560-INACTIVE
18921,#070-INACTIVE
19138,Cran Cashew mess up product
19139,FIGGY CHAI MESS UP
19140,*
19141,SJD1706-INACTIVE
19142,SJD2906-INACTIVE
19143,SJD0804-INACTIVE
19144,W-NB-FC-INACTIVE
19145,W-NB-CC-INACTIVE
19193,B-PNUT-1LB-INACTIVE
19206,25488-INACTIVE
19207,25490-INACTIVE
19208,25492-INACTIVE
19209,25494-INACTIVE
19210,WT149183CF-INACTIVE
19211,WT149184CF-INACTIVE
19212,WT149187CF-INACTIVE
19213,WT149189CF-INACTIVE
19214,BARBOX-INACTIVE
19318,LABEL-HOTP-10OZ-INACTIVE
19319,BATCH-HOTP-INACTIVE
19802,B-PNUT-ONLY-INACTIVE
19863,BATCH-BAR-FC
19864,BATCH-BAR-CC
20156,BATCH-BAR-AP
20157,BATCH-BAR-CP
20158,W-NB-AP-INACTIVE
20159,W-NB-CP-INACTIVE
20333,W-DISTCASE-CP-INACTIVE
20334,W-DISTCASE-CC-INACTIVE
20335,W-DISTCASE-FC-INACTIVE
20336,W-CHAI-3OZ-INACTIVE
20383,W-MPC-3OZ-INACTIVE
20422,W-PPEC-3OZ-INACTIVE
20423,W-AGIN-3OZ-INACTIVE
20575,W-NB-VP-INACTIVE
20966,W-TU-PNUT
20975,I-ORG-PNUTS-30#-INACTIVE
20976,FREIGHT
20977,SHIPPING
21050,MKT-SIGN-LOGO-TIN
21051,MKT-SIGN-BIGPRAISE
21547,W-CASE-FC-INACTIVE
21548,W-CASE-AP-INACTIVE
21549,W-CASE-CC-INACTIVE
21550,W-CASE-CP-INACTIVE
21700,FEE
21701,DELIVERY-LOCAL
21766,RW2550071-INACTIVE
22598,23012-INACTIVE
28629,S-SAMPLEJAR-INACTIVE
28665,I-TEST-ING
29045,BATCH-CASH
29046,WHOLESALE
29071,W-PNUT-13OZ-INACTIVE
29074,W-PPEC-13OZ-INACTIVE
29075,W-HOT-13OZ-INACTIVE
29077,W-CHAI-13OZ-INACTIVE
29078,W-MPC-13OZ-INACTIVE
29080,W-CASH-13OZ-INACTIVE
29081,W-ESP-13OZ-INACTIVE
29082,W-ALM-13OZ-INACTIVE
29083,W-ACT-13OZ-INACTIVE
29084,W-ACO-13OZ-INACTIVE
29085,W-AGIN-13OZ-INACTIVE
29138,BATCH-Peanut-INACTIVE
29139,BATCH-Peanut Pecan-INACTIVE
29140,BATCH-MAMBA
29141,BATCH-Chai-INACTIVE
29142,BATCH-Maple Cinnamon-INACTIVE
29143,BATCH-GGET
29144,BATCH-ALM
29145,BATCH-TCO
29146,BATCH-CSS
29147,BATCH-FGIN
29172,WT154673CF-INACTIVE
29173,WT154684CF-INACTIVE
29174,WT154680CF-INACTIVE
29175,WT154681CF-INACTIVE
29176,WT154679CF-INACTIVE
29177,WT154676CF-INACTIVE
29178,WT154682CF-INACTIVE
29179,WT154674CF-INACTIVE
29180,WT154683CF-INACTIVE
29181,WT154678CF-INACTIVE
29182,WT154677CF-INACTIVE
29241,W-3OZ-VP-NB-INACTIVE
29242,LABEL-VPACK-NB-3OZ-INACTIVE
29261,Jar-13 oz 70/450-INACTIVE
29262,I-ESP-GGET-5lb-INACTIVE
29603,BOX-2PK-4PK-INACTIVE
29604,LABEL-MPC-3OZ-INACTIVE
29605,WT156083CF-INACTIVE
29606,LABEL-CHAI-3OZ-INACTIVE
29607,W-AMZN-ACO-13OZ-INACTIVE
29608,W-AMZN-ACO-13OZ -2PAK-INACTIVE
29609,W-AMZN-ACT-13OZ-INACTIVE
29610,W-AMZN-ACT-13OZ -2PAK-INACTIVE
29611,W-AMZN-AGIN-13OZ-INACTIVE
29612,W-AMZN-AGIN-13OZ -2PAK-INACTIVE
29613,W-AMZN-ALM-13OZ-INACTIVE
29614,W-AMZN-ALM-13OZ -2PAK-INACTIVE
29615,W-AMZN-CASH-13OZ
29616,W-AMZN-CASH-13OZ -2PAK
29617,W-AMZN-CHAI-13OZ-INACTIVE
29618,W-AMZN-CHAI-13OZ -2PAK-INACTIVE
29619,W-AMZN-ESP-13OZ-INACTIVE
29620,W-AMZN-ESP-13OZ -2PAK-INACTIVE
29621,W-AMZN-HOT-13OZ-INACTIVE
29622,W-AMZN-HOT-13OZ -2PAK-INACTIVE
29623,W-AMZN-MPC-13OZ-INACTIVE
29624,W-AMZN-MPC-13OZ -2PAK-INACTIVE
29625,W-AMZN-PNUT-13OZ-INACTIVE
29626,W-AMZN-PNUT-13OZ -2PAK-INACTIVE
29627,W-AMZN-PPEC-13OZ-INACTIVE
29628,W-AMZN-PPEC-13OZ -2PAK-INACTIVE
29629,LABEL-1PACK-ACT-INACTIVE
29630,LABEL-1PACK-AGIN-INACTIVE
29631,LABEL-1PACK-ALM-INACTIVE
29632,LABEL-1PACK-CHAI-INACTIVE
29633,LABEL-1PACK-HOT-INACTIVE
29634,LABEL-1PACK-MPC-INACTIVE
29635,LABEL-1PACK-PNUT-INACTIVE
29636,LABEL-1PACK-PPEC-INACTIVE
29637,LABEL-2PACK-ACT-INACTIVE
29638,LABEL-2PACK-AGIN-INACTIVE
29639,LABEL-2PACK-ALM-INACTIVE
29640,LABEL-2PACK-CHAI-INACTIVE
29641,LABEL-2PACK-HOT-INACTIVE
29642,LABEL-2PACK-MPC-INACTIVE
29643,LABEL-2PACK-PNUT-INACTIVE
29644,LABEL-2PACK-PPEC-INACTIVE
29654,LABEL-1-PACK-ACO-INACTIVE
29655,LABEL-2PACK-ACO-INACTIVE
29725,B-CASH-4LB-INACTIVE
29726,B-CASH-8LB-INACTIVE
29805,W-AMZN-3OZ-VP-NB
30437,I-ORG-CASHEW-INACTIVE
160187,I-Habanero-1OZ
160188,I-Dried-Ghost-Pepper-1OZ
160190,I-DRIED-GHOST-1OZ-INACTIVE
160191,I-DRIED-HABANERO-1OZ-INACTIVE
160192,W-LTD-PEP-10OZ-INACTIVE
160193,BATCH-LTD-PEP
160194,I-CAROLINA-REAPER-1OZ-INACTIVE
160495,345037P-INACTIVE
160819,LABEL-1PACK-ESP-INACTIVE
160820,LABEL-2PACK-ESP-INACTIVE
160979,I-GRANOLA-INACTIVE
161785,MERCH-T-SPOONS-W-M
161786,MERCH-T-SPOONS-W-L
161787,MERCH-T-SPOONS-W-XL
161788,MERCH-T-SPOONS-U-S
161789,MERCH-T-SPOONS-U-M
161790,MERCH-T-SPOONS-U-L
161791,MERCH-T-SPOONS-U-XL
161792,MERCH-CYL-CAP
161850,MERCH-T-PNUT
161852,MERCH-T-PNUT-U-XL
161853,MERCH-T-PNUT-U-L
161854,MERCH-T-PNUT-U-M
161855,MERCH-T-PNUT-U-S
161856,MERCH-T-PNUT-W-XL
161857,MERCH-T-PNUT-W-L
161858,MERCH-T-PNUT-W-M
161859,MERCH-T-PNUT-W-S
161860,MERCH-SILV-SPOON
161867,255
161868,12116120
161876,NSSU155
161880,93040O
161881,91040O
161887,No. 070
161897,SJD0804
161900,I-CHOC-NIBS
161902,OGFCQ-136
161904,870H
161906,I-REAPER
161908,NB-ALM-13OZ
161909,NB-ALM-4LB
161910,NB-ALM-8LB
161912,NB-CASH-13OZ
161913,NB-CASH-4LB
161914,NB-CASH-8LB
161916,NB-CHAI-13OZ
161918,NB-CHAI-4LB
161919,NB-CHAI-8LB
161921,NB-CSS-13OZ
161923,NB-CSS-8LB
161925,NB-FGIN-13OZ
161926,NB-FGIN-3OZ
161927,NB-FGIN-4LB
161930,NB-GGET-13OZ
161932,NB-GGET-8LB
161936,NB-JUSTPNUT-1LB
161937,NB-LTD-PEP
161938,NB-LTD-PEP-10OZ
161940,NB-MAMBA-13OZ
161941,NB-MAMBA-4LB
161942,NB-MAMBA-8LB
161944,NB-MPC-13OZ
161946,NB-MPC-4LB
161947,NB-MPC-8LB
161948,NB-PNUT
161950,NB-PNUT-1LB
161951,NB-PNUT-3OZ
161952,NB-PNUT-4LB
161953,NB-PNUT-8LB
161955,NB-PPEC-13OZ
161956,NB-PPEC-3OZ
161957,NB-PPEC-4LB
161958,NB-PPEC-8LB
161960,NB-TCO-13OZ
161961,NB-TCO-4LB
161962,NB-TCO-8LB
161965,LABEL-NB-130Z
161966,WT154674CF
161969,WT154678CF
161971,WT154682CF
161972,WT154680CF
161973,WT154679CF
161974,WT154673CF
161975,WT154684CF
161976,WT154683CF
161977,LABEL-NB-100Z
161978,WT147099CF
161979,LABEL-NB-LTD-CCCG
161982,LABEL-NB-LTD-CCAKE
161983,LABEL-NB-LTD-PPIE
161984,LABEL-NB-LTD-FGPNUT
161986,WT156081CF
161987,WT156083CF
161990,LABEL-NB-1PACK
161992,WT157272CF
161994,WT159029CF
161995,WT157276CF
161996,WT158147CF
161997,WT157274CF
161998,WT157270CF
161999,WT158149CF
162000,WT158153CF
162001,LABEL-NB-2PACK
162002,WT158152CF
162003,WT157273CF
162005,WT159030CF
162006,WT157277CF
162007,WT158148CF
162008,WT157275CF
162009,WT157271CF
162010,WT158150CF
162011,WT158154CF
162012,LABEL-NB-OTHER
162013,S-13166
162014,NB-LABEL-GIFT4U
162017,WT142661CF
162019,PKG-NB
162020,G10-70-450BIGSPOON01-28
162021,G12-70-450ECO02-2
162023,C70G-450GGMLP-5
162024,PL09W
162026,S-9948
162027,S-7914
162028,44W64W
162029,44W64L
162030,PKG-BOX-2PK-4PK
162031,LABEL-BAR
162032,25488
162033,25490
162034,25492
162036,WT149183CF
162037,WT149187CF
162038,WT149184CF
162039,WT149189CF
162040,LABEL-BAR-BOX-VP
162041,PKG-BAR
162042,PKG-BAR-BOX
162043,PKG-SHIPPING
162044,1186
162045,121010
162046,666
162047,966
162048,986
162049,12717
162050,12912
162051,36804
162052,674067
162053,74045
162054,371012
162055,180048
162056,Sq100
162057,2201
162058,15239
162059,153311W
162060,5010000VK
162065,BAR-CC-CASE
162066,BAR-CC-SINGLE
162068,BAR-CP-CASE
162069,BAR-CP-SINGLE
162070,BAR-FC
162071,BAR-FC-CASE
162072,BAR-FC-SINGLE
162075,BAR-VP-GIFT
162077,BAR-AP-MASTERCASE
162078,BAR-CC-MASTERCASE
162079,BAR-CP-MASTERCASE
162080,BAR-FC-MASTERCASE
162082,198149
162083,198153
162085,198155
162087,14002
162088,553050
162090,310017
162091,54040
162092,GS-OTHER
162093,600555
162094,27344
162095,600100
162097,8092
162100,NB-CASH-13OZ-1PACK
162101,NB-CHAI-13OZ-1PACK
162103,NB-FGIN-13OZ-1PACK
162105,NB-MAMBA-13OZ-1PACK
162106,NB-MPC-13OZ-1PACK
162107,NB-PNUT-13OZ-1PACK
162108,NB-PPEC-13OZ-1PACK
162109,NB-TCO-13OZ-1PACK
162112,NB-CASH-13OZ-2PACK
162114,NB-CSS-13OZ-2PACK
162115,NB-FGIN-13OZ-2PACK
162117,NB-MAMBA-13OZ-2PACK
162118,NB-MPC-13OZ-2PACK
162119,NB-PNUT-13OZ-2PACK
162120,NB-PPEC-13OZ-2PACK
162121,NB-TCO-13OZ-2PACK
162122,NB-13OZ-CASE
162123,NB-ALM-13OZ-CASE
162125,NB-CHAI-13OZ-CASE
162126,NB-CSS-13OZ-CASE
162128,NB-GGET-13OZ-CASE
162129,NB-MAMBA-13OZ-CASE
162130,NB-MPC-13OZ-CASE
162131,NB-PNUT-13OZ-CASE
162132,NB-PPEC-13OZ-CASE
162133,NB-TCO-13OZ-CASE
162134,NB-3OZ-CASE
162135,NB-CHAI-3OZ-CASE
162136,NB-FGIN-3OZ-CASE
162137,NB-MPC-3OZ-CASE
162139,NB-ABJ-2PACK
162140,NB-ABJ-OCT19
162141,NB-ABJ-OCT19-GIFT
162142,NB-PBJ-2PACK
162143,NB-PBJ-OCT19
162144,NB-PBJ-OCT19-GIFT
162145,NB-130Z-3PACK
162146,NB-TRIO-FW19
162147,NB-3OZ-VP
162148,NB-3OZ-4PACK-GIFT
162149,NB-3OZ-4PACK
162150,NB-PALM
162151,NB-PALM-10OZ
162159,BAR-BUTTER-PPEC
162160,BAR-BUTTER-PPEP
162163,BAR-BUTTER-GALM
162169,BAR-DRYKIT-GA
162171,BATCH-LTD-CCCG
162173,NB-LTD-CCCG-10OZ
162174,WT119602CF
162175,BATCH-JUST-ALM
162248,BAR-AP-SCRAP
162250,BAR-FC-SCRAP
162284,MERCH-JAM-DEC19
162324,MKT-SIGN-ABOUTUS
162325,NB-CASH-13OZ-SAMPLE
162326,NB-CHAI-13OZ-SAMPLE
162329,NB-GGET-13OZ-SAMPLE
162330,NB-MAMBA-13OZ-SAMPLE
162331,NB-MPC-13OZ-SAMPLE
162332,NB-PNUT-13OZ-SAMPLE
162333,NB-PPEC-13OZ-SAMPLE
162334,NB-TCO-13OZ-SAMPLE
162337,NB-MPC-3OZ-SAMPLE
162338,NB-FGIN-3OZ-SAMPLE
162339,NB-PNUT-3OZ-SAMPLE
162343,BAR-CP-SINGLE-SAMPLE
162344,BAR-AP-SINGLE-SAMPLE
162468,MERCH-JAM-BLENAPRICOT
162469,MERCH-JAM-FLAVPLUMCOT
162470,MERCH-JAM-PEARGINGER
162482,MERCH-JAM-FIDDLEHEAD
162525,BAR-CP-SUBSCR
162526,BAR-VP-SUBSCR
162530,NB-PPEC-SUBSCR
162531,NB-CHAI-SUBSCR
162532,NB-GGET-SUBSCR
162533,NB-ALM-SUBSCR
162534,NB-CSS-SUBSCR
162535,NB-FGIN-SUBSCR
162536,NB-TCO-SUBSCR
162537,NB-MPC-SUBSCR
162538,NB-MAMBA-SUBSCR
162539,NB-CASH-SUBSCR
162540,NB-PBJ-SUBSCR-NOV19
162541,NB-ABJ-SUBSCR-NOV19
162543,NB-ALM-13OZ-1PACK-GIFT
162544,NB-CASH-13OZ-1PACK-GIFT
162545,NB-CHAI-13OZ-1PACK-GIFT
162546,NB-CSS-13OZ-1PACK-GIFT
162547,NB-FGIN-13OZ-1PACK-GIFT
162548,NB-GGET-13OZ-1PACK-GIFT
162549,NB-MAMBA-13OZ-1PACK-GIFT
162550,NB-MPC-13OZ-1PACK-GIFT
162551,NB-PNUT-13OZ-1PACK-GIFT
162552,NB-PPEC-13OZ-1PACK-GIFT
162553,NB-TCO-13OZ-1PACK-GIFT
162556,NB-CASH-13OZ-2PACK-GIFT
162559,NB-FGIN-13OZ-2PACK-GIFT
162560,NB-GGET-13OZ-2PACK-GIFT
162561,NB-MAMBA-13OZ-2PACK-GIFT
162562,NB-MPC-13OZ-2PACK-GIFT
162563,NB-PNUT-13OZ-2PACK-GIFT
162564,NB-PPEC-13OZ-2PACK-GIFT
162565,NB-TCO-13OZ-2PACK-GIFT
162566,NB-ALM-CASH-13OZ-2PACK-GIFT
162567,NB-ALM-CHAI-13OZ-2PACK-GIFT
162568,NB-ALM-CSS-13OZ-2PACK-GIFT
162569,NB-ALM-FGIN-13OZ-2PACK-GIFT
162570,NB-ALM-MAMBA-13OZ-2PACK-GIFT
162571,NB-ALM-MPC-13OZ-2PACK-GIFT
162572,NB-ALM-PNUT-13OZ-2PACK-GIFT
162573,NB-ALM-PPEC-13OZ-2PACK-GIFT
162574,NB-ALM-TCO-13OZ-2PACK-GIFT
162575,NB-CASH-CHAI-13OZ-2PACK-GIFT
162576,NB-CASH-CSS-13OZ-2PACK-GIfT
162577,NB-CASH-FGIN-13OZ-2PACK-GIFT
162578,NB-CASH-MAMBA-13OZ-2PACK-GIFT
162579,NB-CASH-MPC-13OZ-2PACK-GIFT
162580,NB-CASH-PNUT-13OZ-2PACK-GIFT
162581,NB-CASH-PPEC-13OZ-2PACK-GIFT
162582,NB-CASH-TCO-13OZ-2PACK-GIFT
162583,NB-CHAI-CSS-13OZ-2PACK-GIFT
162584,NB-CHAI-FGIN-13OZ-2PACK-GIFT
162585,NB-CHAI-MAMBA-13OZ-2PACK-GIFT
162586,NB-CHAI-MPC-13OZ-2PACK-GIFT
162587,NB-CHAI-PNUT-13OZ-2PACK-GIFT
162588,NB-CHAI-PPEC-13OZ-2PACK-GIFT
162589,NB-CHAI-TCO-13OZ-2PACK-GIFT
162590,NB-CSS-FGIN-13OZ-2PACK-GIFT
162591,NB-CSS-MAMBA-13OZ-2PACK-GIFT
162592,NB-CSS-MPC-13OZ-2PACK-GIFT
162593,NB-CSS-PNUT-13OZ-2PACK-GIFT
162594,NB-CSS-PPEC-13OZ-2PACK-GIFT
162595,NB-CSS-TCO-13OZ-2PACK-GIFT
162596,NB-FGIN-MAMBA-13OZ-2PACK-GIFT
162597,NB-FGIN-MPC-13OZ-2PACK-GIFT
162598,NB-FGIN-MPC-13OZ-2PACK-INACTIVE
162599,NB-FGIN-PNUT-13OZ-2PACK-GIFT
162600,NB-FGIN-PPEC-13OZ-2PACK-GIFT
162601,NB-FGIN-TCO-13OZ-2PACK-GIFT
162602,NB-MAMBA-MPC-130Z-2PACK-GIFT
162603,NB-MAMBA-PNUT-130Z-2PACK-GIFT
162604,NB-MAMBA-PPEC-130Z-2PACK-GIFT
162605,NB-MAMBA-TCO-130Z-2PACK-GIFT
162606,NB-MPC-PNUT-130Z-2PACK-GIFT
162607,NB-MPC-PPEC-130Z-2PACK-GIFT
162608,NB-MPC-TCO-130Z-2PACK-GIFT
162609,NB-PNUT-PPEC-130Z-2PACK-GIFT
162610,NB-PNUT-TCO-130Z-2PACK-GIFT
162611,NB-PPEC-TCO-130Z-2PACK-GIFT
162929,MERCH-JAM-NOV19
162930,NB-ABJ-NOV19
162932,NB-ABJ-NOV19-GIFT
162938,NB-PBJ-DEC19
162939,NB-PBJ-DEC19-GIFT
162940,NB-ABJ-DEC19
162941,NB-ABJ-DEC19-GIFT
162942,NB-PBJ-SUBSCR-DEC19
162943,NB-ABJ-SUBSCR-DEC19
162999,NB-PBJ-GIFT-NOV19
163243,NB-RSTR-SUBSCR-DEC19
163278,MERCH-JAM-JAN20
163319,BATCH-LTD-LCASH
163320,2123
163321,NB-ALM-SCRAP
163324,NB-CSS-SCRAP
163328,NB-MAMBA-SCRAP
163330,NB-PNUT-SCRAP
163331,NB-PPEC-SCRAP
163332,NB-TCO-SCRAP
163333,NB-TWALK-SCRAP
163351,MKT-STICKERS-LOGO
163352,MKT-SIGN-LOGO-FOAM
163369,WT157431CF
163370,WT148383CF
163371,WT148401CF
163372,WT148394CF
163373,WT148393CF
163374,LABEL-GENERAL
163375,WT137957CF
163376,101006 
163377,26494
163378,NB-PBJ-JAN20
163379,NB-ABJ-JAN20
163380,NB-ABJ-JAN20-GIFT
163381,NB-PBJ-JAN20-GIFT
163382,NB-ABJ-SUBSCR-JAN20
163383,NB-PBJ-SUBSCR-JAN20
163384,NB-RSTR-SUBSCR-JAN20
163406,MERCH-JAM-FEB20
163426,MKT-SIGN-CHECKLIST
163495,WT156086CF
163593,S-13609
163649,NB-R&D
163650,R&D-NB-CSS-ONYX
163652,126382
163653,031026
163654,CO-1123
163655,CO-1082
163668,NB-PCO-TRANS-JAR
163669,NB-BAR-BUTTER-TRANS-JAR
163670,NB-CHAI-TRANS-JAR
163672,NB-PPEC-TRANS-JAR
163673,NB-PNUT-TRANS-JAR
163674,NB-TCO-TRANS-JAR
163675,NB-MPC-TRANS-JAR
163676,NB-TWALK-TRANS-JAR
163677,NB-MAMBA-TRANS-JAR
163678,NB-GGET-TRANS-JAR
163679,NB-FGIN-TRANS-JAR
163680,NB-CSS-TRANS-JAR
163681,NB-CASH-TRANS-JAR
163682,NB-ALM-TRANS-JAR
163683,NB-PCASH-TRANS-JAR
163684,NB-LTD-CCAKE-TRANS-JAR
163685,NB-LTD-PPIE-TRANS-JAR
163686,NB-LTD-FGPNUT-TRANS-JAR
163704,R&D-BATCH
163705,R&D-BT-CSS-ONYX
163706,MERCH-BSR-10OZ-JAR
163723,MERCH-GCARD
163724,MERCH-GCARD-10
163725,MERCH-GCARD-25
163726,MERCH-GCARD-50
163727,MERCH-GCARD-100
163729,WT161820CF
163730,WT161823CF
163751,NB-PCO
163752,NB-PCO-10OZ-1
163753,BATCH-PCO
163754,BATCH-PCASH
163755,NB-PCASH
163756,NB-PCASH-10OZ-1
163760,MKT-MAT-CARDS
163764,1309922
163765,BATCH-WAG
163767,NB-WAG
163768,NB-WAG-13OZ
163770,NB-WAG-8LB
163771,NB-WAG-SCRAP
163772,S-15895
163773,39876
163790,R&D-BT-BAR-FC
163792,BAR-R&D
163793,R&D-BAR-FC
163882,NB-PBJ-FEB20-GIFT
163883,NB-PBJ-FEB20
163884,NB-ABJ-FEB20-GIFT
163885,NB-ABJ-FEB20
163924,005836
163925,R&D-NB-CHAI
163926,R&D-BT-CHAI
163985,NB-ABJ-SUBSCR-FEB20
164002,NB-PBJ-SUBSCR-FEB20
164021,NB-RSTR-SUBSCR-FEB20
164078,MERCH-JAM-MAR20
164232,NB-CSS-3OZ-CASE
164235,NB-TCO-3OZ
164236,NB-TCO-3OZ-CASE
164237,NB-3OZ-4PACK-AB
164238,NB-3OZ-4PACK-AB-GIFT
164257,NB-DAMAGED
169944,MKT-MAT-GIFT
170162,MKT-STICKERS-OCTO
170163,MKT-STICKERS-BEAR
171253,NB-PBJ-MAR20
171254,NB-PBJ-MAR20-GIFT
171255,NB-ABJ-MAR20
171256,NB-ABJ-MAR20-GIFT
171257,NB-PBJ-SUBSCR-MAR20
171258,NB-ABJ-SUBSCR-MAR20
171259,NB-RSTR-SUBSCR-MAR20
171402,MERCH-JAM-APRIL20
171403,NB-PBJ-APR20
171404,NB-PBJ-APR20-GIFT
171405,NB-ABJ-APR20
171406,NB-ABJ-APR20-GIFT
171407,NB-PBJ-SUBSCR-APR20
171408,NB-ABJ-SUBSCR-APR20
171409,NB-RSTR-SUBSCR-APR20
171449,36285
171457,ALPET-16OZ
171498,SJH6000
171499,SJH 8500
171500,GS-SUPPLIES
171501,17713
171502,39877
171549,ALPET-16OZ-BOTTLE
171582,NB-VP-13OZ-CASE
171583,NB-13OZ-6PACK
171586,MP-PANTRY
171587,ALPET-CO-1082
171588,ALPET-CO-1123
171590,TRASHBAGS-125713
171591,HANDTOWEL-27344
171592,PRODTOWEL-600100
171593,GLOVE-198149
171594,GLOVE-198153
171595,GLOVE-198154
171596,GLOVE-198155
171597,COVER-697083
171598,COVER-310017
171599,COVER-54040
171600,TP-SINGLE
171619,45231700000-4
171620,LOCAL-DELIVERY
171621,AIRACO-SAMEDAY
171622,AIRACO-STD
171772,NB-LTD-CCAKE
171773,NB-LTD-CCAKE-10OZ
171774,NB-TRIO-SS20
171791,MERCH-JAM-MAY20
171792,BATCH-LTD-CCAKE
171809,S1608-G
171810,5024HG
171811,5806
181279,LABEL-NB-ABJ-2PACK
181280,LABEL-NB-PBJ-2PACK
181281,LABEL-NB-1PACK-WAGBUTTER
181282,LABEL-NB-2PACK-WAGBUTTER
